"Endpoint","Method","Owner","Decision","RemediationStatus","EvidenceRef","EvidencePath"
"/api/v1/agent/analytics/events","POST","Application Engineering","Closed","Closed","EV-ENDP-0070","security-compliance/evidence/endpoint/EV-ENDP-0070.md"
"/api/v1/agent/chat/completions","POST","Application Engineering","Closed","Closed","EV-ENDP-0071","security-compliance/evidence/endpoint/EV-ENDP-0071.md"
"/api/v1/agent/history","GET","Application Engineering","Closed","Closed","EV-ENDP-0094","security-compliance/evidence/endpoint/EV-ENDP-0094.md"
"/api/v1/agent/personalization","POST","Application Engineering","Closed","Closed","EV-ENDP-0027","security-compliance/evidence/endpoint/EV-ENDP-0027.md"
"/api/v1/agent/personalization/policy","PUT","Application Engineering","Closed","Closed","EV-ENDP-0028","security-compliance/evidence/endpoint/EV-ENDP-0028.md"
"/api/v1/agent/personalization/policy","GET","Application Engineering","Closed","Closed","EV-ENDP-0089","security-compliance/evidence/endpoint/EV-ENDP-0089.md"
"/api/v1/agent/personalization/policy/history","GET","Application Engineering","Closed","Closed","EV-ENDP-0090","security-compliance/evidence/endpoint/EV-ENDP-0090.md"
"/api/v1/agent/planning/predictive-demand-supply","GET","Application Engineering","Closed","Closed","EV-ENDP-0095","security-compliance/evidence/endpoint/EV-ENDP-0095.md"
"/api/v1/agent/planning/predictive-demand-supply/operational-acceptance","GET","Application Engineering","Closed","Closed","EV-ENDP-0096","security-compliance/evidence/endpoint/EV-ENDP-0096.md"
"/api/v1/alerts/","DELETE","Application Engineering","Closed","Closed","EV-ENDP-0073","security-compliance/evidence/endpoint/EV-ENDP-0073.md"
"/api/v1/alerts/","GET","Application Engineering","Closed","Closed","EV-ENDP-0097","security-compliance/evidence/endpoint/EV-ENDP-0097.md"
"/api/v1/alerts/","POST","Application Engineering","Closed","Closed","EV-ENDP-0072","security-compliance/evidence/endpoint/EV-ENDP-0072.md"
"/api/v1/alerts/{alertId:long}","DELETE","Application Engineering","Closed","Closed","EV-ENDP-0074","security-compliance/evidence/endpoint/EV-ENDP-0074.md"
"/api/v1/alerts/{alertId:long}/acknowledge","POST","Application Engineering","Closed","Closed","EV-ENDP-0075","security-compliance/evidence/endpoint/EV-ENDP-0075.md"
"/api/v1/alerts/{notificationId:long}/escalate","POST","Application Engineering","Closed","Closed","EV-ENDP-0076","security-compliance/evidence/endpoint/EV-ENDP-0076.md"
"/api/v1/alerts/{notificationId:long}/recipients","GET","Application Engineering","Closed","Closed","EV-ENDP-0098","security-compliance/evidence/endpoint/EV-ENDP-0098.md"
"/api/v1/alerts/{notificationId:long}/recipients/{notificationRecipientId:long}/acknowledge","POST","Application Engineering","Closed","Closed","EV-ENDP-0077","security-compliance/evidence/endpoint/EV-ENDP-0077.md"
"/api/v1/alerts/{notificationId:long}/recipients/{notificationRecipientId:long}/status","POST","Application Engineering","Closed","Closed","EV-ENDP-0078","security-compliance/evidence/endpoint/EV-ENDP-0078.md"
"/api/v1/alerts/dispatch","POST","Application Engineering","Closed","Closed","EV-ENDP-0079","security-compliance/evidence/endpoint/EV-ENDP-0079.md"
"/api/v1/incidents/","POST","Application Engineering","Closed","Closed","EV-ENDP-0082","security-compliance/evidence/endpoint/EV-ENDP-0082.md"
"/api/v1/incidents/","GET","Application Engineering","Closed","Closed","EV-ENDP-0100","security-compliance/evidence/endpoint/EV-ENDP-0100.md"
"/api/v1/incidents/{incidentId:long}","GET","Application Engineering","Closed","Closed","EV-ENDP-0101","security-compliance/evidence/endpoint/EV-ENDP-0101.md"
"/api/v1/incidents/{incidentId:long}","POST","Application Engineering","Closed","Closed","EV-ENDP-0083","security-compliance/evidence/endpoint/EV-ENDP-0083.md"
"/api/v1/incidents/{incidentId:long}/activate","POST","Application Engineering","Closed","Closed","EV-ENDP-0084","security-compliance/evidence/endpoint/EV-ENDP-0084.md"
"/api/v1/incidents/{incidentId:long}/after-action/evidence/export/json","GET","Application Engineering","Closed","Closed","EV-ENDP-0032","security-compliance/evidence/endpoint/EV-ENDP-0032.md"
"/api/v1/incidents/{incidentId:long}/close","POST","Application Engineering","Closed","Closed","EV-ENDP-0085","security-compliance/evidence/endpoint/EV-ENDP-0085.md"
"/api/v1/incidents/{incidentId:long}/command-assignments","PUT","Application Engineering","Closed","Closed","EV-ENDP-0046","security-compliance/evidence/endpoint/EV-ENDP-0046.md"
"/api/v1/incidents/{incidentId:long}/command-assignments","GET","Application Engineering","Closed","Closed","EV-ENDP-0091","security-compliance/evidence/endpoint/EV-ENDP-0091.md"
"/api/v1/incidents/{incidentId:long}/command-assignments/{icsPositionId:int}","DELETE","Application Engineering","Closed","Closed","EV-ENDP-0086","security-compliance/evidence/endpoint/EV-ENDP-0086.md"
"/api/v1/incidents/{incidentId:long}/communications","GET","Application Engineering","Closed","Closed","EV-ENDP-0102","security-compliance/evidence/endpoint/EV-ENDP-0102.md"
"/api/v1/incidents/{incidentId:long}/communications","POST","Application Engineering","Closed","Closed","EV-ENDP-0047","security-compliance/evidence/endpoint/EV-ENDP-0047.md"
"/api/v1/incidents/{incidentId:long}/communications/{incidentCommunicationId:long}","POST","Application Engineering","Closed","Closed","EV-ENDP-0048","security-compliance/evidence/endpoint/EV-ENDP-0048.md"
"/api/v1/incidents/{incidentId:long}/communications/evidence/export/csv","GET","Application Engineering","Closed","Closed","EV-ENDP-0033","security-compliance/evidence/endpoint/EV-ENDP-0033.md"
"/api/v1/incidents/{incidentId:long}/communications/lifecycle-summary","GET","Application Engineering","Closed","Closed","EV-ENDP-0092","security-compliance/evidence/endpoint/EV-ENDP-0092.md"
"/api/v1/incidents/{incidentId:long}/iap-governance/evidence/json","GET","Application Engineering","Closed","Closed","EV-ENDP-0093","security-compliance/evidence/endpoint/EV-ENDP-0093.md"
"/api/v1/incidents/{incidentId:long}/iap-packet","GET","Application Engineering","Closed","Closed","EV-ENDP-0103","security-compliance/evidence/endpoint/EV-ENDP-0103.md"
"/api/v1/incidents/{incidentId:long}/iap-packet/export/json","GET","Application Engineering","Closed","Closed","EV-ENDP-0034","security-compliance/evidence/endpoint/EV-ENDP-0034.md"
"/api/v1/incidents/{incidentId:long}/iap-packet/export/print","GET","Application Engineering","Closed","Closed","EV-ENDP-0035","security-compliance/evidence/endpoint/EV-ENDP-0035.md"
"/api/v1/incidents/{incidentId:long}/iap-packet/print","GET","Application Engineering","Closed","Closed","EV-ENDP-0104","security-compliance/evidence/endpoint/EV-ENDP-0104.md"
"/api/v1/incidents/{incidentId:long}/ics-201","GET","Application Engineering","Closed","Closed","EV-ENDP-0105","security-compliance/evidence/endpoint/EV-ENDP-0105.md"
"/api/v1/incidents/{incidentId:long}/ics-202","GET","Application Engineering","Closed","Closed","EV-ENDP-0106","security-compliance/evidence/endpoint/EV-ENDP-0106.md"
"/api/v1/incidents/{incidentId:long}/ics-203","GET","Application Engineering","Closed","Closed","EV-ENDP-0107","security-compliance/evidence/endpoint/EV-ENDP-0107.md"
"/api/v1/incidents/{incidentId:long}/ics-204","GET","Application Engineering","Closed","Closed","EV-ENDP-0108","security-compliance/evidence/endpoint/EV-ENDP-0108.md"
"/api/v1/incidents/{incidentId:long}/ics-205","GET","Application Engineering","Closed","Closed","EV-ENDP-0109","security-compliance/evidence/endpoint/EV-ENDP-0109.md"
"/api/v1/incidents/{incidentId:long}/ics-209","GET","Application Engineering","Closed","Closed","EV-ENDP-0110","security-compliance/evidence/endpoint/EV-ENDP-0110.md"
"/api/v1/incidents/{incidentId:long}/ics-214","GET","Application Engineering","Closed","Closed","EV-ENDP-0111","security-compliance/evidence/endpoint/EV-ENDP-0111.md"
"/api/v1/incidents/{incidentId:long}/ics-215","GET","Application Engineering","Closed","Closed","EV-ENDP-0112","security-compliance/evidence/endpoint/EV-ENDP-0112.md"
"/api/v1/incidents/{incidentId:long}/objectives","POST","Application Engineering","Closed","Closed","EV-ENDP-0049","security-compliance/evidence/endpoint/EV-ENDP-0049.md"
"/api/v1/incidents/{incidentId:long}/objectives","GET","Application Engineering","Closed","Closed","EV-ENDP-0113","security-compliance/evidence/endpoint/EV-ENDP-0113.md"
"/api/v1/incidents/{incidentId:long}/objectives/{incidentObjectiveId:long}","POST","Application Engineering","Closed","Closed","EV-ENDP-0050","security-compliance/evidence/endpoint/EV-ENDP-0050.md"
"/api/v1/incidents/{incidentId:long}/operational-periods","POST","Application Engineering","Closed","Closed","EV-ENDP-0051","security-compliance/evidence/endpoint/EV-ENDP-0051.md"
"/api/v1/incidents/{incidentId:long}/operational-periods","GET","Application Engineering","Closed","Closed","EV-ENDP-0114","security-compliance/evidence/endpoint/EV-ENDP-0114.md"
"/api/v1/incidents/{incidentId:long}/operational-periods/{operationalPeriodId:long}","POST","Application Engineering","Closed","Closed","EV-ENDP-0052","security-compliance/evidence/endpoint/EV-ENDP-0052.md"
"/api/v1/incidents/{incidentId:long}/operational-periods/{operationalPeriodId:long}/approve","POST","Application Engineering","Closed","Closed","EV-ENDP-0053","security-compliance/evidence/endpoint/EV-ENDP-0053.md"
"/api/v1/incidents/{incidentId:long}/operational-periods/{operationalPeriodId:long}/reopen","POST","Application Engineering","Closed","Closed","EV-ENDP-0054","security-compliance/evidence/endpoint/EV-ENDP-0054.md"
"/api/v1/incidents/{incidentId:long}/resources","POST","Application Engineering","Closed","Closed","EV-ENDP-0055","security-compliance/evidence/endpoint/EV-ENDP-0055.md"
"/api/v1/incidents/{incidentId:long}/resources","GET","Application Engineering","Closed","Closed","EV-ENDP-0115","security-compliance/evidence/endpoint/EV-ENDP-0115.md"
"/api/v1/incidents/{incidentId:long}/situation-reports","GET","Application Engineering","Closed","Closed","EV-ENDP-0117","security-compliance/evidence/endpoint/EV-ENDP-0117.md"
"/api/v1/incidents/{incidentId:long}/situation-reports","POST","Application Engineering","Closed","Closed","EV-ENDP-0057","security-compliance/evidence/endpoint/EV-ENDP-0057.md"
"/api/v1/incidents/{incidentId:long}/tasks","POST","Application Engineering","Closed","Closed","EV-ENDP-0058","security-compliance/evidence/endpoint/EV-ENDP-0058.md"
"/api/v1/incidents/{incidentId:long}/tasks","GET","Application Engineering","Closed","Closed","EV-ENDP-0118","security-compliance/evidence/endpoint/EV-ENDP-0118.md"
"/api/v1/incidents/{incidentId:long}/tasks/{incidentTaskId:long}/assignment","POST","Application Engineering","Closed","Closed","EV-ENDP-0059","security-compliance/evidence/endpoint/EV-ENDP-0059.md"
"/api/v1/incidents/{incidentId:long}/tasks/{incidentTaskId:long}/status","POST","Application Engineering","Closed","Closed","EV-ENDP-0060","security-compliance/evidence/endpoint/EV-ENDP-0060.md"
"/api/v1/incidents/{incidentId:long}/timeline","GET","Application Engineering","Closed","Closed","EV-ENDP-0119","security-compliance/evidence/endpoint/EV-ENDP-0119.md"
"/api/v1/incidents/{incidentId:long}/timeline","POST","Application Engineering","Closed","Closed","EV-ENDP-0061","security-compliance/evidence/endpoint/EV-ENDP-0061.md"
"/api/v1/incidents/dashboard-summary","GET","Application Engineering","Closed","Closed","EV-ENDP-0120","security-compliance/evidence/endpoint/EV-ENDP-0120.md"
"/api/v1/lookups/codesets/{codeSetName}","POST","Application Engineering","Closed","Closed","EV-ENDP-0062","security-compliance/evidence/endpoint/EV-ENDP-0062.md"
"/api/v1/lookups/codesets/{codeSetName}/{codeValueId:int}","POST","Application Engineering","Closed","Closed","EV-ENDP-0063","security-compliance/evidence/endpoint/EV-ENDP-0063.md"
"/api/v1/reports/audit-events/export/csv","GET","Compliance Engineering","Closed","Closed","EV-ENDP-0087","security-compliance/evidence/endpoint/EV-ENDP-0087.md"
"/api/v1/reports/external-provider-health/executive-packet/export/zip","GET","Compliance Engineering","Closed","Closed","EV-ENDP-0064","security-compliance/evidence/endpoint/EV-ENDP-0064.md"
"/api/v1/reports/external-provider-health/governance/export/csv","GET","Compliance Engineering","Closed","Closed","EV-ENDP-0065","security-compliance/evidence/endpoint/EV-ENDP-0065.md"
"/api/v1/reports/external-provider-health/scorecards/export/csv","GET","Compliance Engineering","Closed","Closed","EV-ENDP-0066","security-compliance/evidence/endpoint/EV-ENDP-0066.md"
"/api/v1/reports/external-provider-health/scorecards/export/json","GET","Compliance Engineering","Closed","Closed","EV-ENDP-0067","security-compliance/evidence/endpoint/EV-ENDP-0067.md"
"/api/v1/beds/availability","GET","Platform Engineering","Closed","Closed","EV-ENDP-0099","security-compliance/evidence/endpoint/EV-ENDP-0099.md"
"/api/v1/beds/availability/{locationId:long}","POST","Platform Engineering","Closed","Closed","EV-ENDP-0081","security-compliance/evidence/endpoint/EV-ENDP-0081.md"
"/api/v1/beds/import/availability","POST","Platform Engineering","Closed","Closed","EV-ENDP-0019","security-compliance/evidence/endpoint/EV-ENDP-0019.md"
"/api/v1/beds/import/availability/csv","POST","Platform Engineering","Closed","Closed","EV-ENDP-0020","security-compliance/evidence/endpoint/EV-ENDP-0020.md"
"/api/v1/beds/import/availability/csv/reject-report","POST","Platform Engineering","Closed","Closed","EV-ENDP-0021","security-compliance/evidence/endpoint/EV-ENDP-0021.md"
"/api/v1/beds/import/availability/fhir","POST","Platform Engineering","Closed","Closed","EV-ENDP-0022","security-compliance/evidence/endpoint/EV-ENDP-0022.md"
"/api/v1/beds/import/availability/fhir/adapter-contract","GET","Platform Engineering","Closed","Closed","EV-ENDP-0045","security-compliance/evidence/endpoint/EV-ENDP-0045.md"
"/api/v1/incidents/{incidentId:long}/resources/{incidentResourceRequestId:long}","POST","Platform Engineering","Closed","Closed","EV-ENDP-0056","security-compliance/evidence/endpoint/EV-ENDP-0056.md"
"/api/v1/incidents/{incidentId:long}/resources/evidence/export/csv","GET","Platform Engineering","Closed","Closed","EV-ENDP-0036","security-compliance/evidence/endpoint/EV-ENDP-0036.md"
"/api/v1/incidents/{incidentId:long}/resources/lifecycle-evidence/export/json","GET","Platform Engineering","Closed","Closed","EV-ENDP-0037","security-compliance/evidence/endpoint/EV-ENDP-0037.md"
"/api/v1/incidents/{incidentId:long}/resources/lifecycle-summary","GET","Platform Engineering","Closed","Closed","EV-ENDP-0116","security-compliance/evidence/endpoint/EV-ENDP-0116.md"
"/api/v1/resources/import/inventory","POST","Platform Engineering","Closed","Closed","EV-ENDP-0023","security-compliance/evidence/endpoint/EV-ENDP-0023.md"
"/api/v1/resources/import/inventory/csv","POST","Platform Engineering","Closed","Closed","EV-ENDP-0024","security-compliance/evidence/endpoint/EV-ENDP-0024.md"
"/api/v1/resources/import/inventory/csv/reject-report","POST","Platform Engineering","Closed","Closed","EV-ENDP-0025","security-compliance/evidence/endpoint/EV-ENDP-0025.md"
"/api/v1/resources/inventory/{locationResourceInventoryId:long}","POST","Platform Engineering","Closed","Closed","EV-ENDP-0088","security-compliance/evidence/endpoint/EV-ENDP-0088.md"
"/api/v1/resources/regional-rollups/export/csv","GET","Platform Engineering","Closed","Closed","EV-ENDP-0038","security-compliance/evidence/endpoint/EV-ENDP-0038.md"
"/api/v1/resources/report-presets/{presetScope}","POST","Platform Engineering","Closed","Closed","EV-ENDP-0068","security-compliance/evidence/endpoint/EV-ENDP-0068.md"
"/api/v1/resources/report-presets/{presetScope}/{userReportPresetId:long}","DELETE","Platform Engineering","Closed","Closed","EV-ENDP-0069","security-compliance/evidence/endpoint/EV-ENDP-0069.md"
"/api/v1/admin/data/synthetic/preview","GET","Security Engineering","Closed","Closed","EV-ENDP-0039","security-compliance/evidence/endpoint/EV-ENDP-0039.md"
"/api/v1/admin/data/synthetic/reset","POST","Security Engineering","Closed","Closed","EV-ENDP-0005","security-compliance/evidence/endpoint/EV-ENDP-0005.md"
"/api/v1/admin/data/synthetic/seed","POST","Security Engineering","Closed","Closed","EV-ENDP-0006","security-compliance/evidence/endpoint/EV-ENDP-0006.md"
"/api/v1/admin/external-provider/executive-packet/automation/run","POST","Security Engineering","Closed","Closed","EV-ENDP-0007","security-compliance/evidence/endpoint/EV-ENDP-0007.md"
"/api/v1/admin/external-provider/executive-packet/automation/status","GET","Security Engineering","Closed","Closed","EV-ENDP-0040","security-compliance/evidence/endpoint/EV-ENDP-0040.md"
"/api/v1/admin/ics-positions","POST","Security Engineering","Closed","Closed","EV-ENDP-0008","security-compliance/evidence/endpoint/EV-ENDP-0008.md"
"/api/v1/admin/ics-positions","GET","Security Engineering","Closed","Closed","EV-ENDP-0041","security-compliance/evidence/endpoint/EV-ENDP-0041.md"
"/api/v1/admin/ics-positions/{icsPositionId:int}","POST","Security Engineering","Closed","Closed","EV-ENDP-0009","security-compliance/evidence/endpoint/EV-ENDP-0009.md"
"/api/v1/admin/ics-positions/{icsPositionId:int}/nims-standard","POST","Security Engineering","Closed","Closed","EV-ENDP-0010","security-compliance/evidence/endpoint/EV-ENDP-0010.md"
"/api/v1/admin/locations","GET","Security Engineering","Closed","Closed","EV-ENDP-0042","security-compliance/evidence/endpoint/EV-ENDP-0042.md"
"/api/v1/admin/locations/{locationId:long}/active","POST","Security Engineering","Closed","Closed","EV-ENDP-0011","security-compliance/evidence/endpoint/EV-ENDP-0011.md"
"/api/v1/admin/locations/{locationId:long}/geo","POST","Security Engineering","Closed","Closed","EV-ENDP-0012","security-compliance/evidence/endpoint/EV-ENDP-0012.md"
"/api/v1/admin/locations/{locationId:long}/geocode","POST","Security Engineering","Closed","Closed","EV-ENDP-0013","security-compliance/evidence/endpoint/EV-ENDP-0013.md"
"/api/v1/admin/sessions","GET","Security Engineering","Closed","Closed","EV-ENDP-0043","security-compliance/evidence/endpoint/EV-ENDP-0043.md"
"/api/v1/admin/sessions/{userSessionId:long}/impersonate/start","POST","Security Engineering","Closed","Closed","EV-ENDP-0014","security-compliance/evidence/endpoint/EV-ENDP-0014.md"
"/api/v1/admin/sessions/{userSessionId:long}/impersonate/stop","POST","Security Engineering","Closed","Closed","EV-ENDP-0015","security-compliance/evidence/endpoint/EV-ENDP-0015.md"
"/api/v1/admin/sessions/{userSessionId:long}/terminate","POST","Security Engineering","Closed","Closed","EV-ENDP-0016","security-compliance/evidence/endpoint/EV-ENDP-0016.md"
"/api/v1/admin/sessions/compliance-evidence/export/json","GET","Security Engineering","Closed","Closed","EV-ENDP-0004","security-compliance/evidence/endpoint/EV-ENDP-0004.md"
"/api/v1/admin/streaming/start","POST","Security Engineering","Closed","Closed","EV-ENDP-0001","security-compliance/evidence/endpoint/EV-ENDP-0001.md"
"/api/v1/admin/streaming/status","GET","Security Engineering","Closed","Closed","EV-ENDP-0026","security-compliance/evidence/endpoint/EV-ENDP-0026.md"
"/api/v1/admin/streaming/stop","POST","Security Engineering","Closed","Closed","EV-ENDP-0002","security-compliance/evidence/endpoint/EV-ENDP-0002.md"
"/api/v1/admin/streaming/upload","POST","Security Engineering","Closed","Closed","EV-ENDP-0003","security-compliance/evidence/endpoint/EV-ENDP-0003.md"
"/api/v1/admin/users","POST","Security Engineering","Closed","Closed","EV-ENDP-0017","security-compliance/evidence/endpoint/EV-ENDP-0017.md"
"/api/v1/admin/users","GET","Security Engineering","Closed","Closed","EV-ENDP-0044","security-compliance/evidence/endpoint/EV-ENDP-0044.md"
"/api/v1/admin/users/{userId:long}/active","POST","Security Engineering","Closed","Closed","EV-ENDP-0018","security-compliance/evidence/endpoint/EV-ENDP-0018.md"
"/api/v1/auth/audit/login","POST","Security Engineering","Closed","Closed","EV-ENDP-0029","security-compliance/evidence/endpoint/EV-ENDP-0029.md"
"/api/v1/auth/audit/logout","POST","Security Engineering","Closed","Closed","EV-ENDP-0030","security-compliance/evidence/endpoint/EV-ENDP-0030.md"
"/api/v1/auth/me","GET","Security Engineering","Closed","Closed","EV-ENDP-0080","security-compliance/evidence/endpoint/EV-ENDP-0080.md"
"/api/v1/auth/token-debug","GET","Security Engineering","Closed","Closed","EV-ENDP-0031","security-compliance/evidence/endpoint/EV-ENDP-0031.md"
