"Group","Method","Route","Policy","Audited","AuditAction","Redaction","Status","Line"
"auth","GET","/api/v1/auth/me","AuthorizationPolicies.ResourceReporter","Yes","AUTH / LOGIN_SUCCESS","TBD","In Progress","1567"
"auth","POST","/api/v1/auth/audit/login","AuthorizationPolicies.ResourceReporter","Yes","AUTH / LOGIN_SUCCESS","TBD","In Progress","1596"
"auth","POST","/api/v1/auth/audit/logout","AuthorizationPolicies.ResourceReporter","Yes","AUTH / LOGOUT","TBD","In Progress","1618"
"auth","GET","/api/v1/auth/token-debug","AuthorizationPolicies.ResourceReporter","TBD","TBD","TBD","Pending","1640"
"agent","GET","/api/v1/agent/history","AuthorizationPolicies.ResourceReporter","TBD","TBD","TBD","Pending","1724"
"agent","POST","/api/v1/agent/chat/completions","AuthorizationPolicies.ResourceReporter","TBD","TBD","TBD","Pending","1756"
"agent","GET","/api/v1/agent/planning/predictive-demand-supply","AuthorizationPolicies.ResourceReporter","TBD","TBD","TBD","Pending","1891"
"agent","GET","/api/v1/agent/planning/predictive-demand-supply/operational-acceptance","AuthorizationPolicies.ResourceReporter","Yes","AGENT_POLICY / PERSONALIZATION_POLICY_UPDATED","TBD","In Progress","1976"
"agent","GET","/api/v1/agent/personalization/policy","AuthorizationPolicies.IncidentViewer","Yes","AGENT_POLICY / PERSONALIZATION_POLICY_UPDATED","TBD","In Progress","2046"
"agent","GET","/api/v1/agent/personalization/policy/history","AuthorizationPolicies.IncidentViewer","Yes","AGENT_POLICY / PERSONALIZATION_POLICY_UPDATED","TBD","In Progress","2098"
"agent","PUT","/api/v1/agent/personalization/policy","AuthorizationPolicies.IncidentViewer","Yes","AGENT_POLICY / PERSONALIZATION_POLICY_UPDATED","TBD","In Progress","2138"
"agent","POST","/api/v1/agent/personalization","AuthorizationPolicies.IncidentViewer","TBD","TBD","TBD","Pending","2202"
"agent","POST","/api/v1/agent/analytics/events","AuthorizationPolicies.IncidentViewer","TBD","TBD","TBD","Pending","2231"
"alerts","GET","/api/v1/alerts/","AuthorizationPolicies.IncidentCommander","Yes","COMMUNICATION / DISPATCH_CREATE","TBD","In Progress","2291"
"alerts","POST","/api/v1/alerts/","AuthorizationPolicies.IncidentCommander","Yes","COMMUNICATION / DISPATCH_CREATE","TBD","In Progress","2307"
"alerts","POST","/api/v1/alerts/{alertId:long}/acknowledge","AuthorizationPolicies.IncidentCommander","Yes","COMMUNICATION / DISPATCH_CREATE","TBD","In Progress","2357"
"alerts","DELETE","/api/v1/alerts/{alertId:long}","AuthorizationPolicies.IncidentCommander","Yes","COMMUNICATION / DISPATCH_CREATE","TBD","In Progress","2381"
"alerts","DELETE","/api/v1/alerts/","AuthorizationPolicies.IncidentCommander","Yes","COMMUNICATION / DISPATCH_CREATE","TBD","In Progress","2405"
"alerts","POST","/api/v1/alerts/dispatch","AuthorizationPolicies.IncidentCommander","Yes","COMMUNICATION / DISPATCH_CREATE","TBD","In Progress","2421"
"alerts","GET","/api/v1/alerts/{notificationId:long}/recipients","AuthorizationPolicies.IncidentCommander","Yes","COMMUNICATION / RECIPIENT_STATUS_UPDATE","TBD","In Progress","2547"
"alerts","POST","/api/v1/alerts/{notificationId:long}/recipients/{notificationRecipientId:long}/status","AuthorizationPolicies.IncidentViewer","Yes","COMMUNICATION / RECIPIENT_STATUS_UPDATE","TBD","In Progress","2576"
"alerts","POST","/api/v1/alerts/{notificationId:long}/recipients/{notificationRecipientId:long}/acknowledge","AuthorizationPolicies.IncidentCommander","Yes","COMMUNICATION / RECIPIENT_ACKNOWLEDGE","TBD","In Progress","2650"
"alerts","POST","/api/v1/alerts/{notificationId:long}/escalate","AuthorizationPolicies.IncidentCommander","Yes","COMMUNICATION / NOTIFICATION_ESCALATE","TBD","In Progress","2715"
"incidents","GET","/api/v1/incidents/dashboard-summary","AuthorizationPolicies.IncidentViewer","TBD","TBD","TBD","Pending","2811"
"incidents","GET","/api/v1/incidents/","AuthorizationPolicies.IncidentCommander","TBD","TBD","TBD","Pending","2819"
"incidents","GET","/api/v1/incidents/{incidentId:long}","AuthorizationPolicies.IncidentCommander","TBD","TBD","TBD","Pending","2827"
"incidents","POST","/api/v1/incidents/","AuthorizationPolicies.IncidentViewer","TBD","TBD","TBD","Pending","2843"
"incidents","POST","/api/v1/incidents/{incidentId:long}","AuthorizationPolicies.IncidentViewer","TBD","TBD","TBD","Pending","2866"
"incidents","POST","/api/v1/incidents/{incidentId:long}/activate","AuthorizationPolicies.IncidentViewer","TBD","TBD","TBD","Pending","2888"
"incidents","POST","/api/v1/incidents/{incidentId:long}/close","AuthorizationPolicies.IncidentViewer","TBD","TBD","TBD","Pending","2904"
"incidents","GET","/api/v1/incidents/{incidentId:long}/tasks","AuthorizationPolicies.IncidentViewer","TBD","TBD","TBD","Pending","2920"
"incidents","POST","/api/v1/incidents/{incidentId:long}/tasks","AuthorizationPolicies.IncidentViewer","TBD","TBD","TBD","Pending","2936"
"incidents","POST","/api/v1/incidents/{incidentId:long}/tasks/{incidentTaskId:long}/status","AuthorizationPolicies.IncidentViewer","TBD","TBD","TBD","Pending","2967"
"incidents","POST","/api/v1/incidents/{incidentId:long}/tasks/{incidentTaskId:long}/assignment","AuthorizationPolicies.IncidentViewer","Yes","COMMUNICATION / COMMUNICATION_EVIDENCE_EXPORT_CSV","TBD","In Progress","2997"
"incidents","GET","/api/v1/incidents/{incidentId:long}/timeline","AuthorizationPolicies.IncidentViewer","Yes","COMMUNICATION / COMMUNICATION_EVIDENCE_EXPORT_CSV","TBD","In Progress","3029"
"incidents","POST","/api/v1/incidents/{incidentId:long}/timeline","AuthorizationPolicies.IncidentViewer","Yes","COMMUNICATION / COMMUNICATION_EVIDENCE_EXPORT_CSV","TBD","In Progress","3045"
"incidents","GET","/api/v1/incidents/{incidentId:long}/communications","AuthorizationPolicies.IncidentCommander","Yes","COMMUNICATION / COMMUNICATION_EVIDENCE_EXPORT_CSV","TBD","In Progress","3076"
"incidents","GET","/api/v1/incidents/{incidentId:long}/communications/lifecycle-summary","AuthorizationPolicies.IncidentCommander","Yes","COMMUNICATION / COMMUNICATION_EVIDENCE_EXPORT_CSV","TBD","In Progress","3092"
"incidents","GET","/api/v1/incidents/{incidentId:long}/communications/evidence/export/csv","AuthorizationPolicies.IncidentViewer","Yes","COMMUNICATION / COMMUNICATION_EVIDENCE_EXPORT_CSV","TBD","In Progress","3121"
"incidents","POST","/api/v1/incidents/{incidentId:long}/communications","AuthorizationPolicies.IncidentViewer","Yes","RESOURCE / RESOURCE_EVIDENCE_EXPORT_CSV","TBD","In Progress","3267"
"incidents","POST","/api/v1/incidents/{incidentId:long}/communications/{incidentCommunicationId:long}","AuthorizationPolicies.IncidentViewer","Yes","RESOURCE / RESOURCE_EVIDENCE_EXPORT_CSV","TBD","In Progress","3326"
"incidents","GET","/api/v1/incidents/{incidentId:long}/resources","AuthorizationPolicies.IncidentViewer","Yes","RESOURCE / RESOURCE_EVIDENCE_EXPORT_CSV","TBD","In Progress","3356"
"incidents","GET","/api/v1/incidents/{incidentId:long}/resources/lifecycle-summary","AuthorizationPolicies.IncidentViewer","Yes","RESOURCE / RESOURCE_EVIDENCE_EXPORT_CSV","TBD","In Progress","3372"
"incidents","GET","/api/v1/incidents/{incidentId:long}/resources/evidence/export/csv","AuthorizationPolicies.IncidentViewer","Yes","RESOURCE / RESOURCE_EVIDENCE_EXPORT_CSV","TBD","In Progress","3388"
"incidents","GET","/api/v1/incidents/{incidentId:long}/resources/lifecycle-evidence/export/json","AuthorizationPolicies.IncidentCommander","Yes","RESOURCE / RESOURCE_LIFECYCLE_EVIDENCE_EXPORT_JSON","TBD","In Progress","3495"
"incidents","POST","/api/v1/incidents/{incidentId:long}/resources","AuthorizationPolicies.IncidentCommander","Yes","RESOURCE / RESOURCE_REQUEST_STATUS_TRANSITION","TBD","In Progress","3635"
"incidents","POST","/api/v1/incidents/{incidentId:long}/resources/{incidentResourceRequestId:long}","AuthorizationPolicies.IncidentCommander","Yes","RESOURCE / RESOURCE_REQUEST_STATUS_TRANSITION","TBD","In Progress","3666"
"incidents","GET","/api/v1/incidents/{incidentId:long}/operational-periods","AuthorizationPolicies.IncidentCommander","Yes","DATA_CHANGE / INCIDENT_OPERATIONAL_PERIOD_APPROVE","TBD","In Progress","3758"
"incidents","POST","/api/v1/incidents/{incidentId:long}/operational-periods","AuthorizationPolicies.IncidentCommander","Yes","DATA_CHANGE / INCIDENT_OPERATIONAL_PERIOD_APPROVE","TBD","In Progress","3774"
"incidents","POST","/api/v1/incidents/{incidentId:long}/operational-periods/{operationalPeriodId:long}","AuthorizationPolicies.IncidentViewer","Yes","DATA_CHANGE / INCIDENT_OPERATIONAL_PERIOD_APPROVE","TBD","In Progress","3805"
"incidents","POST","/api/v1/incidents/{incidentId:long}/operational-periods/{operationalPeriodId:long}/approve","AuthorizationPolicies.IncidentCommander","Yes","DATA_CHANGE / INCIDENT_OPERATIONAL_PERIOD_APPROVE","TBD","In Progress","3859"
"incidents","POST","/api/v1/incidents/{incidentId:long}/operational-periods/{operationalPeriodId:long}/reopen","AuthorizationPolicies.IncidentCommander","Yes","DATA_CHANGE / INCIDENT_OPERATIONAL_PERIOD_REOPEN","TBD","In Progress","3937"
"incidents","GET","/api/v1/incidents/{incidentId:long}/objectives","AuthorizationPolicies.IncidentViewer","TBD","TBD","TBD","Pending","4028"
"incidents","POST","/api/v1/incidents/{incidentId:long}/objectives","AuthorizationPolicies.IncidentViewer","TBD","TBD","TBD","Pending","4044"
"incidents","POST","/api/v1/incidents/{incidentId:long}/objectives/{incidentObjectiveId:long}","AuthorizationPolicies.IncidentViewer","TBD","TBD","TBD","Pending","4075"
"incidents","GET","/api/v1/incidents/{incidentId:long}/command-assignments","AuthorizationPolicies.IncidentViewer","TBD","TBD","TBD","Pending","4105"
"incidents","PUT","/api/v1/incidents/{incidentId:long}/command-assignments","AuthorizationPolicies.IncidentViewer","TBD","TBD","TBD","Pending","4143"
"incidents","DELETE","/api/v1/incidents/{incidentId:long}/command-assignments/{icsPositionId:int}","AuthorizationPolicies.IncidentViewer","Yes","REPORTING / IAP_PACKET_EXPORT_JSON","TBD","In Progress","4174"
"incidents","GET","/api/v1/incidents/{incidentId:long}/ics-201","AuthorizationPolicies.IncidentViewer","Yes","REPORTING / IAP_PACKET_EXPORT_JSON","TBD","In Progress","4198"
"incidents","GET","/api/v1/incidents/{incidentId:long}/ics-202","AuthorizationPolicies.IncidentViewer","Yes","REPORTING / IAP_PACKET_EXPORT_JSON","TBD","In Progress","4214"
"incidents","GET","/api/v1/incidents/{incidentId:long}/ics-203","AuthorizationPolicies.IncidentViewer","Yes","REPORTING / IAP_PACKET_EXPORT_JSON","TBD","In Progress","4230"
"incidents","GET","/api/v1/incidents/{incidentId:long}/ics-204","AuthorizationPolicies.IncidentViewer","Yes","REPORTING / IAP_PACKET_EXPORT_JSON","TBD","In Progress","4246"
"incidents","GET","/api/v1/incidents/{incidentId:long}/ics-205","AuthorizationPolicies.IncidentViewer","Yes","REPORTING / IAP_PACKET_EXPORT_JSON","TBD","In Progress","4262"
"incidents","GET","/api/v1/incidents/{incidentId:long}/ics-209","AuthorizationPolicies.IncidentViewer","Yes","REPORTING / IAP_PACKET_EXPORT_JSON","TBD","In Progress","4278"
"incidents","GET","/api/v1/incidents/{incidentId:long}/ics-214","AuthorizationPolicies.IncidentViewer","Yes","REPORTING / IAP_PACKET_EXPORT_JSON","TBD","In Progress","4294"
"incidents","GET","/api/v1/incidents/{incidentId:long}/ics-215","AuthorizationPolicies.IncidentViewer","Yes","REPORTING / IAP_PACKET_EXPORT_JSON","TBD","In Progress","4310"
"incidents","GET","/api/v1/incidents/{incidentId:long}/iap-packet","AuthorizationPolicies.IncidentViewer","Yes","REPORTING / IAP_PACKET_EXPORT_JSON","TBD","In Progress","4326"
"incidents","GET","/api/v1/incidents/{incidentId:long}/iap-packet/print","AuthorizationPolicies.IncidentViewer","Yes","REPORTING / IAP_PACKET_EXPORT_JSON","TBD","In Progress","4342"
"incidents","GET","/api/v1/incidents/{incidentId:long}/iap-packet/export/json","AuthorizationPolicies.IncidentViewer","Yes","REPORTING / IAP_PACKET_EXPORT_JSON","TBD","In Progress","4364"
"incidents","GET","/api/v1/incidents/{incidentId:long}/iap-packet/export/print","AuthorizationPolicies.IncidentViewer","Yes","REPORTING / IAP_PACKET_EXPORT_PRINT","TBD","In Progress","4445"
"incidents","GET","/api/v1/incidents/{incidentId:long}/iap-governance/evidence/json","AuthorizationPolicies.IncidentViewer","Yes","REPORTING / IAP_GOVERNANCE_EVIDENCE_EXPORT_JSON","TBD","In Progress","4506"
"incidents","GET","/api/v1/incidents/{incidentId:long}/situation-reports","AuthorizationPolicies.IncidentViewer","Yes","REPORTING / AFTER_ACTION_EVIDENCE_EXPORT_JSON","TBD","In Progress","4635"
"incidents","GET","/api/v1/incidents/{incidentId:long}/after-action/evidence/export/json","AuthorizationPolicies.IncidentViewer","Yes","REPORTING / AFTER_ACTION_EVIDENCE_EXPORT_JSON","TBD","In Progress","4651"
"incidents","POST","/api/v1/incidents/{incidentId:long}/situation-reports","AuthorizationPolicies.IncidentViewer","Yes","REPORTING / AUDIT_EVIDENCE_EXPORT_CSV","Yes","In Progress","4797"
"lookups","GET","/api/v1/lookups/ics-positions","AuthorizationPolicies.IncidentViewer","Yes","REPORTING / AUDIT_EVIDENCE_EXPORT_CSV","Yes","In Progress","4832"
"reports","GET","/api/v1/reports/audit-events","AuthorizationPolicies.IncidentViewer","Yes","REPORTING / AUDIT_EVIDENCE_EXPORT_CSV","Yes","In Progress","4845"
"reports","GET","/api/v1/reports/audit-events/export/csv","AuthorizationPolicies.IncidentViewer","Yes","REPORTING / AUDIT_EVIDENCE_EXPORT_CSV","Yes","In Progress","4895"
"reports","GET","/api/v1/reports/external-provider-health/governance/export/csv","AuthorizationPolicies.IncidentViewer","Yes","REPORTING / EXTERNAL_PROVIDER_GOVERNANCE_EXPORT_CSV","TBD","In Progress","4974"
"reports","GET","/api/v1/reports/external-provider-health/scorecards/export/csv","AuthorizationPolicies.LookupAdmin","Yes","REPORTING / EXTERNAL_PROVIDER_SCORECARD_EXPORT_CSV","TBD","In Progress","5047"
"reports","GET","/api/v1/reports/external-provider-health/scorecards/export/json","AuthorizationPolicies.LookupAdmin","Yes","REPORTING / EXTERNAL_PROVIDER_SCORECARD_EXPORT_JSON","TBD","In Progress","5110"
"reports","GET","/api/v1/reports/external-provider-health/executive-packet/export/zip","AuthorizationPolicies.LookupAdmin","Yes","REPORTING / EXTERNAL_PROVIDER_EXECUTIVE_PACKET_EXPORT_ZIP","TBD","In Progress","5173"
"admin","GET","/api/v1/admin/streaming/status","AuthorizationPolicies.LookupAdmin","Yes","DATA_CHANGE / STREAMING_INGESTION_START","TBD","In Progress","5270"
"admin","POST","/api/v1/admin/streaming/start","AuthorizationPolicies.LookupAdmin","Yes","DATA_CHANGE / STREAMING_INGESTION_START","TBD","In Progress","5277"
"admin","POST","/api/v1/admin/streaming/stop","AuthorizationPolicies.LookupAdmin","Yes","DATA_CHANGE / STREAMING_INGESTION_STOP","TBD","In Progress","5308"
"admin","GET","/api/v1/admin/external-provider/executive-packet/automation/status","AuthorizationPolicies.LookupAdmin","Yes","REPORTING / EXTERNAL_PROVIDER_EXECUTIVE_PACKET_AUTOMATION_RUN_MANUAL","TBD","In Progress","5332"
"admin","POST","/api/v1/admin/external-provider/executive-packet/automation/run","AuthorizationPolicies.DataOpsAdmin","Yes","REPORTING / EXTERNAL_PROVIDER_EXECUTIVE_PACKET_AUTOMATION_RUN_MANUAL","TBD","In Progress","5341"
"admin","POST","/api/v1/admin/streaming/upload","AuthorizationPolicies.DataOpsAdmin","Yes","DATA_CHANGE / STREAMING_INGESTION_UPLOAD","TBD","In Progress","5384"
"admin","POST","/api/v1/admin/data/synthetic/reset","AuthorizationPolicies.DataOpsAdmin","Yes","DATA_CHANGE / SYNTHETIC_DATA_RESET","TBD","In Progress","5449"
"admin","POST","/api/v1/admin/data/synthetic/seed","AuthorizationPolicies.DataOpsAdmin","Yes","DATA_CHANGE / SYNTHETIC_DATA_SEED","TBD","In Progress","5603"
"admin","GET","/api/v1/admin/data/synthetic/preview","AuthorizationPolicies.DataOpsAdmin","Yes","DATA_CHANGE / USER_CREATE","TBD","In Progress","5756"
"admin","GET","/api/v1/admin/users","AuthorizationPolicies.LookupAdmin","Yes","DATA_CHANGE / USER_CREATE","TBD","In Progress","5840"
"admin","POST","/api/v1/admin/users","AuthorizationPolicies.LookupAdmin","Yes","DATA_CHANGE / USER_CREATE","TBD","In Progress","5855"
"admin","POST","/api/v1/admin/users/{userId:long}/active","AuthorizationPolicies.LookupAdmin","Yes","DATA_CHANGE / sec","TBD","In Progress","5937"
"admin","GET","/api/v1/admin/locations","AuthorizationPolicies.LookupAdmin","Yes","DATA_CHANGE / org","TBD","In Progress","5977"
"admin","POST","/api/v1/admin/locations/{locationId:long}/active","AuthorizationPolicies.LookupAdmin","Yes","DATA_CHANGE / org","TBD","In Progress","5992"
"admin","POST","/api/v1/admin/locations/{locationId:long}/geo","AuthorizationPolicies.LookupAdmin","Yes","DATA_CHANGE / LOCATION_GEO_UPDATE","TBD","In Progress","6032"
"admin","POST","/api/v1/admin/locations/{locationId:long}/geocode","AuthorizationPolicies.LookupAdmin","Yes","DATA_CHANGE / ICS_POSITION_CREATE","TBD","In Progress","6090"
"admin","GET","/api/v1/admin/ics-positions","AuthorizationPolicies.LookupAdmin","Yes","DATA_CHANGE / ICS_POSITION_CREATE","TBD","In Progress","6173"
"admin","POST","/api/v1/admin/ics-positions","AuthorizationPolicies.LookupAdmin","Yes","DATA_CHANGE / ICS_POSITION_CREATE","TBD","In Progress","6188"
"admin","POST","/api/v1/admin/ics-positions/{icsPositionId:int}","AuthorizationPolicies.LookupAdmin","Yes","DATA_CHANGE / ICS_POSITION_UPDATE","TBD","In Progress","6258"
"admin","POST","/api/v1/admin/ics-positions/{icsPositionId:int}/nims-standard","AuthorizationPolicies.LookupAdmin","Yes","DATA_CHANGE / ref","TBD","In Progress","6338"
"admin","GET","/api/v1/admin/sessions","AuthorizationPolicies.LookupAdmin","Yes","DATA_CHANGE / SESSION_TERMINATE","TBD","In Progress","6378"
"admin","POST","/api/v1/admin/sessions/{userSessionId:long}/terminate","AuthorizationPolicies.LookupAdmin","Yes","DATA_CHANGE / SESSION_TERMINATE","TBD","In Progress","6393"
"admin","POST","/api/v1/admin/sessions/{userSessionId:long}/impersonate/start","AuthorizationPolicies.LookupAdmin","Yes","DATA_CHANGE / SESSION_IMPERSONATION_START","TBD","In Progress","6433"
"admin","POST","/api/v1/admin/sessions/{userSessionId:long}/impersonate/stop","AuthorizationPolicies.LookupViewer","Yes","DATA_CHANGE / SESSION_IMPERSONATION_STOP","TBD","In Progress","6510"
"admin","GET","/api/v1/admin/sessions/compliance-evidence/export/json","AuthorizationPolicies.LookupContributor","Yes","REPORTING / SESSION_COMPLIANCE_EVIDENCE_EXPORT_JSON","TBD","In Progress","6574"
"users","GET","/api/v1/users/active","AuthorizationPolicies.ResourceReporter","Yes","DATA_CHANGE / IMPORT_RESOURCE_INVENTORY_BATCH","TBD","In Progress","6709"
"users","GET","/api/v1/users/contacts","AuthorizationPolicies.ResourceReporter","Yes","DATA_CHANGE / IMPORT_RESOURCE_INVENTORY_BATCH","TBD","In Progress","6718"
"lookups","GET","/api/v1/lookups/codesets/{codeSetName}","AuthorizationPolicies.ResourceReporter","Yes","DATA_CHANGE / IMPORT_RESOURCE_INVENTORY_BATCH","TBD","In Progress","6727"
"lookups","GET","/api/v1/lookups/codesets/{codeSetName}/search","AuthorizationPolicies.ResourceReporter","Yes","DATA_CHANGE / IMPORT_RESOURCE_INVENTORY_BATCH","TBD","In Progress","6745"
"lookups","GET","/api/v1/lookups/locations","AuthorizationPolicies.ResourceReporter","Yes","DATA_CHANGE / IMPORT_RESOURCE_INVENTORY_BATCH","TBD","In Progress","6769"
"lookups","POST","/api/v1/lookups/codesets/{codeSetName}","AuthorizationPolicies.ResourceReporter","Yes","DATA_CHANGE / IMPORT_RESOURCE_INVENTORY_BATCH","TBD","In Progress","6778"
"lookups","POST","/api/v1/lookups/codesets/{codeSetName}/{codeValueId:int}","AuthorizationPolicies.ResourceReporter","Yes","DATA_CHANGE / IMPORT_RESOURCE_INVENTORY_BATCH","TBD","In Progress","6812"
"resources","POST","/api/v1/resources/import/inventory","AuthorizationPolicies.ResourceReporter","Yes","DATA_CHANGE / IMPORT_RESOURCE_INVENTORY_BATCH","TBD","In Progress","6845"
"resources","POST","/api/v1/resources/import/inventory/csv","AuthorizationPolicies.ResourceReporter","Yes","DATA_CHANGE / IMPORT_RESOURCE_INVENTORY_CSV","TBD","In Progress","6907"
"resources","POST","/api/v1/resources/import/inventory/csv/reject-report","AuthorizationPolicies.ResourceReporter","Yes","RESOURCE / RESOURCE_REGIONAL_ROLLUP_EXPORT_CSV","TBD","In Progress","6983"
"resources","GET","/api/v1/resources/inventory","AuthorizationPolicies.ResourceReporter","Yes","RESOURCE / RESOURCE_REGIONAL_ROLLUP_EXPORT_CSV","TBD","In Progress","7024"
"resources","GET","/api/v1/resources/regional-rollups","AuthorizationPolicies.ResourceReporter","Yes","RESOURCE / RESOURCE_REGIONAL_ROLLUP_EXPORT_CSV","TBD","In Progress","7032"
"resources","GET","/api/v1/resources/regional-rollups/export/csv","AuthorizationPolicies.ResourceReporter","Yes","RESOURCE / RESOURCE_REGIONAL_ROLLUP_EXPORT_CSV","TBD","In Progress","7041"
"resources","POST","/api/v1/resources/inventory/{locationResourceInventoryId:long}","AuthorizationPolicies.ResourceReporter","TBD","TBD","TBD","Pending","7122"
"resources","GET","/api/v1/resources/report-presets/{presetScope}","AuthorizationPolicies.ResourceReporter","TBD","TBD","TBD","Pending","7144"
"resources","POST","/api/v1/resources/report-presets/{presetScope}","AuthorizationPolicies.ResourceReporter","TBD","TBD","TBD","Pending","7169"
"resources","DELETE","/api/v1/resources/report-presets/{presetScope}/{userReportPresetId:long}","AuthorizationPolicies.ResourceReporter","Yes","DATA_CHANGE / IMPORT_BED_AVAILABILITY_BATCH","TBD","In Progress","7233"
"beds","POST","/api/v1/beds/import/availability","AuthorizationPolicies.ResourceReporter","Yes","DATA_CHANGE / IMPORT_BED_AVAILABILITY_BATCH","TBD","In Progress","7411"
"beds","POST","/api/v1/beds/import/availability/csv","AuthorizationPolicies.ResourceReporter","Yes","DATA_CHANGE / IMPORT_BED_AVAILABILITY_CSV","TBD","In Progress","7473"
"beds","POST","/api/v1/beds/import/availability/csv/reject-report","AuthorizationPolicies.ResourceReporter","Yes","DATA_CHANGE / IMPORT_BED_AVAILABILITY_FHIR","TBD","In Progress","7549"
"beds","POST","/api/v1/beds/import/availability/fhir","AuthorizationPolicies.ResourceReporter","Yes","DATA_CHANGE / IMPORT_BED_AVAILABILITY_FHIR","TBD","In Progress","7590"
"beds","GET","/api/v1/beds/import/availability/fhir/adapter-contract","AuthorizationPolicies.ResourceReporter","TBD","TBD","TBD","Pending","7662"
"beds","GET","/api/v1/beds/availability","AuthorizationPolicies.ResourceReporter","TBD","TBD","TBD","Pending","7731"
"beds","POST","/api/v1/beds/availability/{locationId:long}","AuthorizationPolicies.ResourceReporter","TBD","TBD","TBD","Pending","7739"
